exp,init_value/Parameter/dose_mg_Nivo,init_value/Parameter/t_inter_Nivo
1,69.1404,19.3929
2,88.1664,8.13115
3,59.6168,12.4278
4,46.6984,17.5681
5,39.9168,6.27097
6,8.41718,15.2424
7,77.4656,1.75356
8,18.6141,11.7888
9,98.3173,2.45525
10,25.6936,4.68605
